read.max.score,distance,cov.min.eval,z_max,motif.max.score,alifold_cov_score,mfe.score,srna.counts,motif.sum,group,ID,probability
0,0,10,-2.3,0,0,-20.7,2,0,Positive Control,RF00038,0
0,0,10,0.8,0,0,-13.8,2,0,Positive Control,RF00157,0
0,0,10,-0.8,0,0,-16.4,2,0,Positive Control,RF00199,0
0,0,10,-0.5,0,0,-8.7,2,0,Positive Control,RF00262,0
0,0,10,-0.2,0,0,-16,2,0,Positive Control,RF00392,0
0,0,10,-1.9,0,0,-18.4,2,0,Positive Control,RF01077,0
0,0,10,0.4,0,0,-17.4,2,0,Positive Control,RF01277,0
0,0,10,2.1,0,0,-28.1,2,0,Positive Control,RF01416,0
0,0,10,0.7,0,0,-30.27,2,0,Positive Control,RF01461,0
0,0,10,-0.4,0,0,-9.9,2,0,Positive Control,RF01466,0
0,0,10,-0.5,0,0,-11.9,2,0,Positive Control,RF01467,0
0,0,10,-0.9,0,0,-20.5,2,0,Positive Control,RF01468,0
0,0,10,-0.2,0,0,-27.4,4,0,Positive Control,RF01471,0
0,0,10,-1.6,15.5,0,-31.1,2,15.5,Positive Control,RF01472,0
0,0,10,-0.6,0,0,-16.7,2,0,Positive Control,RF01474,0
0,0,10,-0.3,0,0,-11.5,2,0,Positive Control,RF01475,0
0,0,10,-0.7,0,0,-13.9,2,0,Positive Control,RF01480,0
0,0,10,-1.1,0,0,-42.6,2,0,Positive Control,RF01481,0
0,0,10,-1.8,0,0,-22.4,2,0,Positive Control,RF01483,0
0,0,10,0.3,14,0,-21.1,2,14,Positive Control,RF01486,0
0,0,10,-0.1,0,0,-24,2,0,Positive Control,RF01488,0
0,0,10,-2.2,10.3,0,-29.1,4,10.3,Positive Control,RF01520,0
1590,0,10,0,0,0,-62.4,8,0,Positive Control,RF01672,0
0,0,10,-1.3,0,0,-41.4,2,0,Positive Control,RF01718,0
0,0,10,0.5,0,0,-6.4,2,0,Positive Control,RF01741,0
0,0,10,-1.9,0,0,-32,2,0,Positive Control,RF01744,0
8041,0.000661,10,0.6,0,0,-17.6,8,0,Positive Control,RF02049,0
0,0,10,-0.5,11,0,-42.8,2,11,Positive Control,RF02341,0
0,0,10,-0.4,0,0,-21.4,2,0,Positive Control,RF02364,0
0,0,10,-0.6,0,0,-41.1,2,0,Positive Control,RF02369,0
0,0,10,-3.3,0,0,-20,2,0,Positive Control,RF02370,0
0,0,10,-1,16.3,0,-29.3,2,31.8,Positive Control,RF02378,0
0,0,10,0.7,0,0,-7.7,2,0,Positive Control,RF02393,0
0,0,10,0.9,0,0,-8.5,2,0,Positive Control,RF02441,0
0,0,10,-1.5,0,0,-15.5,2,0,Positive Control,RF02451,0
0,0,10,-0.1,10.3,0,-38.5,2,19.5,Positive Control,RF02463,0
0,0,10,0.9,0,0,-12.8,2,0,Positive Control,RF02466,0
0,0,10,-0.4,0,0,-29.7,2,0,Positive Control,RF02508,0
0,0,10,-0.6,0,0,-24.1,2,0,Positive Control,RF02557,0
0,0,10,-2.7,8.2,0,-64.1,2,8.2,Positive Control,RF02558,0
0,0,10,0.6,0,0,-53.6,2,0,Positive Control,RF02559,0
0,0,10,-1.3,0,0,-33.8,2,0,Positive Control,RF02560,0
0,0,10,1.3,0,0,-28.2,2,0,Positive Control,RF02561,0
11,0,10,-1.9,0,0,-13.6,2,0,Positive Control,RF02568,0
0,0,10,-0.9,0,0,-18,2,0,Positive Control,RF02570,0
0,0,10,-0.4,0,0,-17.2,2,0,Positive Control,RF02572,0
0,0,10,-0.5,0,0,-36.3,2,0,Positive Control,RF02610,0
0,0,10,-1.6,0,0,-32.3,2,0,Positive Control,RF02612,0
0,0,10,-0.4,0,0,-25.9,2,0,Positive Control,RF02615,0
0,0,10,0.2,11.8,0,-26.7,2,11.8,Positive Control,RF02619,0
0,0,10,0.9,0,0,-24.5,2,0,Positive Control,RF02622,0
0,0,10,0.4,0,0,-18.9,2,0,Positive Control,RF02623,0
0,0,10,-2.3,13.8,0,-22.9,2,13.8,Positive Control,RF02626,0
0,0,10,-0.2,0,0,-23.5,2,0,Positive Control,RF02632,0
0,0,10,-0.5,0,0,-32.8,2,0,Positive Control,RF02633,0
0,0,10,-1.2,0,0,-27.2,2,0,Positive Control,RF02653,0
0,0,10,-1.2,9.7,0,-90.1,2,16.8,Positive Control,RF02655,0
0,0,10,-2,0,0,-11.7,2,0,Positive Control,RF02703,0
0,0,10,-0.9,0,0,-160.2,2,0,Positive Control,RF02739,0
0,0.010625,10,0.7,16.2,-7.18,-12.5,4,16.2,Positive Control,RF02772,0
0,0.010625,10,1.1,0,-6.55,-25.55,4,0,Positive Control,RF02774,0
0,0.010625,10,-0.6,0,-8.24,-7.9,4,0,Positive Control,RF02775,0
0,0.010625,10,-0.5,0,-5.85,-6.75,4,0,Positive Control,RF02780,0
0,0.010625,10,-1.7,0,0,-21.3,4,0,Positive Control,RF02781,0
0,0,10,-1,0,0,-18.5,2,0,Positive Control,RF02810,0
0,0,10,0.2,0,0,-18.2,2,0,Positive Control,RF02823,0
0,0,10,0.7,0,0,-20.5,2,0,Positive Control,RF02824,0
0,0.010625,10,0.4,0,-3.4,-8.1,4,0,Positive Control,RF02853,0
0,0.010625,10,0.5,0,0.78,-14.3,4,0,Positive Control,RF02854,0
0,0,10,-0.6,0,0,-108.9,2,0,Positive Control,RF02878,0
0,0,10,0,0,0,-44.5,2,0,Positive Control,RF02879,0
0,0,10,0,0,0,-42.1,2,0,Positive Control,RF02881,0
0,0,10,1.5,0,0,-24.5,2,0,Positive Control,RF02882,0
0,0,10,-1.8,8.4,0,-95.6,2,8.4,Positive Control,RF02886,0
0,0.035409,10,1.1,0,-2.91,-4.8,4,0,Positive Control,RF01456,0.01
0,0,10,0.3,0,0,-107.1,2,0,Positive Control,RF01460,0.01
0,0,10,0.2,0,0,-22,2,0,Positive Control,RF01462,0.01
0,0,10,-2.5,0,0,-19.2,2,0,Positive Control,RF01465,0.01
0,0,10,0.2,0,0,-30.6,2,0,Positive Control,RF01484,0.01
0,0,10,-3.8,17.3,0,-24.9,2,37.9,Positive Control,RF01485,0.01
0,0,10,-1.9,0,0,-43.3,2,0,Positive Control,RF01487,0.01
0,0,10,-1.3,0,0,-19.7,2,0,Positive Control,RF01733,0.01
0,0,10,-3.6,11.3,0,-23.4,2,11.3,Positive Control,RF02273,0.01
0,0,10,-2.5,0,0,-18.6,2,0,Positive Control,RF02425,0.01
0,0,10,-1.8,0,0,-15.4,2,0,Positive Control,RF02428,0.01
0,0,10,-1.9,15.5,0,-30.8,2,25.3,Positive Control,RF02435,0.01
0,0,10,-2.8,13,0,-53.8,2,35.2,Positive Control,RF02498,0.01
0,0,10,-0.2,0,0,-55.6,2,0,Positive Control,RF02505,0.01
0,0,10,0.3,9.4,0,-52,2,9.4,Positive Control,RF02562,0.01
0,0,10,-0.9,0,0,-54.1,2,0,Positive Control,RF02563,0.01
0,0,10,-2.1,0,0,-62.4,2,0,Positive Control,RF02602,0.01
0,0,10,-1.7,11.1,0,-56.9,2,11.1,Positive Control,RF02603,0.01
0,0,10,-2,0,0,-57.3,2,0,Positive Control,RF02604,0.01
0,0,10,-0.4,9.4,0,-56.8,2,9.4,Positive Control,RF02614,0.01
0,0,10,-2,15.4,0,-25.6,2,36.2,Positive Control,RF02620,0.01
317,0.004633,10,-2.2,10.2,0,-14.23,6,10.2,Positive Control,RF02676,0.01
132,0.000661,10,-1.9,14.4,0,-58,8,27.7,Positive Control,RF02763,0.01
0,0,10,-3.3,0,0,-49.2,2,0,Positive Control,RF02818,0.01
0,0,10,-0.8,20.2,0,-53.6,2,20.2,Positive Control,RF02825,0.01
0,0,10,-3.5,7.6,0,-63.5,2,7.6,Positive Control,RF02826,0.01
8539,0.028427,10,-1.6,0,-12.1,-10.82,16,0,Positive Control,RF00039,0.02
771,0,10,-3.4,0,0,-38.6,2,0,Positive Control,RF00043,0.02
0,0,10,-3.5,21,0,-24.7,2,49.8,Positive Control,RF00242,0.02
0,0,10,-0.4,0,0,-12.8,2,0,Positive Control,RF00436,0.02
0,0,10,1.6,0,0,-1.4,2,0,Positive Control,RF01463,0.02
0,0,10,-1.5,12.3,0,-31.9,2,34.7,Positive Control,RF01476,0.02
0,0,10,1,0,0,-21.41,2,0,Positive Control,RF01477,0.02
0,0,10,-3.7,0,0,-31.7,2,0,Positive Control,RF01490,0.02
0,0,10,-3,10.8,0,-42.5,2,10.8,Positive Control,RF01698,0.02
0,0,10,-3.9,18.5,0,-50.9,2,41.7,Positive Control,RF01743,0.02
0,0,10,-0.5,0,0,-44,2,0,Positive Control,RF02415,0.02
0,0,10,-0.6,19.8,0,-22.9,2,19.8,Positive Control,RF02454,0.02
0,0,10,-1.7,16.5,0,-85,2,26.8,Positive Control,RF02567,0.02
0,0,10,-0.5,0,0,-81.8,2,0,Positive Control,RF02574,0.02
0,0,10,-2.8,0,0,-18.5,2,0,Positive Control,RF02591,0.02
0,0,10,-4.6,20.2,0,-32.7,2,27.9,Positive Control,RF02629,0.02
0,0,10,1.5,0,0,-13.4,2,0,Positive Control,RF02730,0.02
0,0,10,-1.2,10.4,0,-55.5,2,10.4,Positive Control,RF02762,0.02
0,0,10,-2.3,9.6,0,-38.3,2,9.6,Positive Control,RF02766,0.02
0,0,10,-3.5,0,0,-47.8,2,0,Positive Control,RF02861,0.02
0,0,10,-3.2,10.7,0,-28.5,2,10.7,Positive Control,RF00616,0.03
0,0,10,-2.7,26,0,-38.8,2,44,Positive Control,RF01459,0.03
0,0,10,-4.8,14.4,0,-30.7,2,14.4,Positive Control,RF01479,0.03
0,0,10,-2.3,0,0,-39.6,2,0,Positive Control,RF01729,0.03
0,0,10,-3.3,15.8,0,-56.3,2,38.9,Positive Control,RF02613,0.03
0,0,10,-4.5,14.8,0,-56.1,2,30.9,Positive Control,RF02833,0.03
0,0,10,-4.3,9.8,0,-34.7,2,9.8,Positive Control,RF00236,0.04
0,0,10,-3.2,0,0,-56.7,2,0,Positive Control,RF00615,0.04
0,0,10,0.9,17.3,0,-41.9,2,28.2,Positive Control,RF01493,0.04
232,0.00132,10,0.9,10.3,-18.09,-37.5,6,20,Positive Control,RF02237,0.04
0,0.001349,10,0.9,0,0,-5.65,4,0,Positive Control,RF02362,0.04
0,0,10,-2.1,20.8,0,-47.9,2,46.5,Positive Control,RF02609,0.04
0,0.010625,10,-0.3,0,-19.19,-23.35,4,0,Positive Control,RF02779,0.04
0,0,10,-10.9,17.6,0,-38.5,2,28.6,Positive Control,RF00104,0.05
0,0,10,-2.7,18,0,-57.1,2,30.9,Positive Control,RF01464,0.05
0,0,10,0.5,12.1,0,-72.6,2,35.6,Positive Control,RF01473,0.05
0,0,10,-3.7,0,0,-33.4,2,0,Positive Control,RF02497,0.05
0,0,10,-1.8,12.2,0,-85.8,2,43.7,Positive Control,RF02737,0.05
0,0,10,-3,21.8,0,-111.3,2,37.9,Positive Control,RF02742,0.05
0,0,10,-4.2,0,0,-36.7,2,0,Positive Control,RF00235,0.06
0,0,10,-3.8,0,0,-23.6,2,0,Positive Control,RF02270,0.06
0,0,10,-3.9,0,0,-27.7,2,0,Positive Control,RF02651,0.06
0,0.010625,10,-0.7,16.4,-20.21,-31.55,4,16.4,Positive Control,RF02852,0.06
0,0,10,-5.4,14.2,0,-118.1,2,24.7,Positive Control,RF02880,0.06
0,0,10,-15.1,32.7,0,-72.9,2,44.5,Positive Control,RF00848,0.07
102,0.001984,10,-2.5,0,0,-30.8,10,0,Positive Control,RF02565,0.07
0,0,10,-4.3,11.5,0,-25.7,2,21,Positive Control,RF01457,0.08
0,0.057876,10,-1.3,0,-5.15,-10.3,4,0,Positive Control,RF02419,0.08
0,0,10,-5.6,11.7,0,-24,2,22.9,Positive Control,RF02450,0.08
0,0,10,-0.8,0,-21.75,-30.3,4,0,Positive Control,RF02828,0.08
3990,0,10,-1.8,9.6,-15.83,-51.1,4,9.6,Positive Control,RF02889,0.08
4156,0.014004,0.0246294,-1.8,0,-13.41,-1.65,26,0,Positive Control,RF00119,0.09
0,0,10,-9.8,27,0,-60.2,2,52.1,Positive Control,RF00397,0.09
0,0.001349,10,-1.1,13.4,-13.39,-35.5,4,13.4,Positive Control,RF02365,0.09
0,0.001349,10,-2.3,0,-14.1,-26.55,4,0,Positive Control,RF02367,0.09
0,0,10,-3.8,0,0,-50.2,2,0,Positive Control,RF02827,0.09
409,0.010665,0.0494053,-1.1,10.1,-12.71,-22.58,16,10.1,Positive Control,RF02071,0.1
263,0.00132,10,-1.9,13.8,-20.54,-25.5,6,22.7,Positive Control,RF02231,0.1
0,0.048293,10,-2,0,-2,-8.5,4,0,Positive Control,RF02732,0.1
805,0,10,-0.1,0,-16.76,-33.35,8,0,Positive Control,RF02813,0.1
0,0,10,-25.6,0,0,-130.7,2,0,Positive Control,RF00882,0.11
0,0.034439,10,0.7,13.1,0,-5.25,4,13.1,Positive Control,RF02274,0.12
0,0,10,-4.2,0,0,-13.6,2,0,Positive Control,RF02592,0.12
0,0,10,-9.7,27.7,0,-63,2,36,Positive Control,RF02598,0.12
0,0,10,-5.3,19.5,0,-16,2,45.7,Positive Control,RF02844,0.12
339,0.010665,10,0.5,8,-25.09,-33.75,16,8,Positive Control,RF01399,0.13
0,0,10,-4,0,0,-36,2,0,Positive Control,RF01656,0.13
3046,0.010665,10,1.2,0,0,-11.4,16,0,Positive Control,RF02059,0.13
8225,0.000661,10,-14.2,20.4,0,-74.1,8,49.6,Positive Control,RF02058,0.14
7080,0.014004,10,-6,12.6,-13.88,-22.77,26,33.2,Positive Control,RF02495,0.15
0,0,10,-2.1,30.2,0,-52.4,2,62.3,Positive Control,RF02601,0.15
1971,0.010665,10,-1.6,10.8,-9.68,-3.05,16,10.8,Positive Control,RF02077,0.16
0,0.001349,10,-2.9,0,-15.75,-52.7,4,0,Positive Control,RF02360,0.16
27188,0.014004,10,0.8,0,-7.67,0,26,0,Positive Control,RF02750,0.16
0,0,10,-3.1,13,0,-39.6,2,43.1,Positive Control,RF02845,0.16
0,0.013446,10,1.5,11.1,-40.21,-50.8,4,18.3,Positive Control,RF02691,0.17
550,0.010665,10,-2.4,14.8,-11.36,-17.6,16,14.8,Positive Control,RF01384,0.18
0,0.01947,10,-8.1,14.5,-19.77,-20.1,4,14.5,Positive Control,RF02631,0.18
0,0.055635,10,-0.4,0,-27.05,-17.2,6,0,Positive Control,RF02738,0.18
5285,0.036743,10,-2.6,0,-5.64,-1.53,24,0,Positive Control,RF02752,0.18
1917,0.009321,10,0.9,0,-18.46,-15.9,12,0,Positive Control,RF02072,0.2
0,0.001349,10,-6.1,15.9,-6.02,-13.8,4,31.8,Positive Control,RF02366,0.2
4947,0.00132,10,-2.1,11.5,-18.87,-16.6,6,11.5,Positive Control,RF02240,0.21
0,0.010625,10,-0.3,0,-24.43,-8.6,4,0,Positive Control,RF02704,0.21
223,0,10,0,0,-10.53,0.05,8,0,Positive Control,RF01682,0.22
0,0.010625,10,-1.5,9.4,-21.32,-27.2,4,9.4,Positive Control,RF02374,0.22
0,0,10,-3.2,18.7,0,-116.9,2,57.2,Positive Control,RF02599,0.23
5576,0.014004,10,0.8,0,-23.56,-3.12,26,0,Positive Control,RF02756,0.23
46,0.009293,10,-7,0,-12.86,-24.6,6,0,Positive Control,RF01804,0.25
0,0.056851,10,0.6,0,-23.6,-12.63,6,0,Positive Control,RF02504,0.25
0,0.020824,10,-5.3,13.4,0,-59.75,4,47,Positive Control,RF02749,0.25
0,0.014854,10,-3.1,13.2,-11.53,-10.5,4,24.6,Positive Control,RF01774,0.26
5091,0.013345,10,-3.3,0,-20.41,-20.7,10,0,Positive Control,RF02799,0.26
13577,0.012655,10,-4.3,9.5,-11.21,-34.9,8,9.5,Positive Control,RF02550,0.27
0,0.358406,10,-1.3,0,-2.62,-11.85,4,0,Positive Control,RF02385,0.28
0,0.064963,10,0.1,0,-4.75,-6.75,4,0,Positive Control,RF02846,0.28
1141,0.044524,10,1.2,10.2,-12.39,-3.4,14,10.2,Positive Control,RF02764,0.29
0,0.122734,10,-0.6,0,-8.31,-5.17,6,0,Positive Control,RF02348,0.3
184,0.010665,10,-0.7,12.2,0,-19.1,16,12.2,Positive Control,RF01404,0.31
750,0.010665,10,-0.5,0,-30.02,-59.53,16,0,Positive Control,RF02050,0.31
7910,0,10,-2,13,-35.39,-66.1,8,37.1,Positive Control,RF02404,0.31
0,0.177691,10,-0.1,0,0,-1.5,4,0,Positive Control,RF02684,0.31
6518,0.010665,10,-0.4,0,-24.78,-4.25,16,0,Positive Control,RF02062,0.32
1116,0.001984,10,-5.3,12.1,0,-64.34,10,52.1,Positive Control,RF01389,0.33
0,0.079352,10,-2.1,0,-7.34,-1.92,10,0,Positive Control,RF01697,0.33
0,0.044083,10,-1.2,10.8,-14.24,-9.18,8,20.5,Positive Control,RF02421,0.33
1973,0,10,-2.1,0,-14.52,0.2,8,0,Positive Control,RF02759,0.33
69,0,10,-1.6,8.3,-42.78,-13.27,8,15.6,Positive Control,RF01681,0.34
0,0.358406,10,-2.4,0,-1.65,-11.05,4,0,Positive Control,RF01775,0.34
9776,0.014004,10,-6.8,8.6,-18.11,-13.7,26,8.6,Positive Control,RF02754,0.34
0,0.013446,10,-2.4,10.8,-26.73,-42.6,4,10.8,Positive Control,RF02870,0.34
0,0,10,-4.6,16.6,0,-23.6,2,61.9,Positive Control,RF02630,0.35
0,0.049276,10,-1.7,10.4,-56.36,-122.1,4,10.4,Positive Control,RF02741,0.35
0,0,10,-15.8,19.6,0,-70.5,2,72.7,Positive Control,RF00697,0.36
0,0.056065,10,-2.7,12.1,-15.17,-2.08,8,12.1,Positive Control,RF02770,0.36
0,0.035409,10,-9.4,14.5,-30.82,-53.7,4,27.5,Positive Control,RF02834,0.36
4908,0.014004,10,-3.8,0,-20.17,-16.63,26,0,Positive Control,RF00122,0.37
0,0.34889,10,-0.6,7.4,-3.51,-6.7,4,7.4,Positive Control,RF01694,0.37
0,0.358406,10,-2.1,0,-11.36,-31.25,4,0,Positive Control,RF01821,0.37
0,0,10,-3.9,20.7,-11.17,-19.65,4,68.5,Positive Control,RF02432,0.37
0,0.250013,10,-1.3,0,-12.77,-7.5,6,0,Positive Control,RF01982,0.38
0,0.376881,10,-2.8,0,-2.69,-4.23,6,0,Positive Control,RF01797,0.39
8507,0.010665,10,-9.9,30.4,-15.15,-31.71,16,97.4,Positive Control,RF02067,0.39
0,0,10,-5.1,22.2,0,-33.6,2,67.6,Positive Control,RF02621,0.39
0,0.072795,10,1.1,0,0,-16.05,4,0,Positive Control,RF02731,0.39
0,0.317255,10,1.2,9.4,0,-33.93,4,9.4,Positive Control,RF02350,0.4
0,0.055635,10,1.1,10.6,0,-22.45,4,19.3,Positive Control,RF02745,0.4
0,0.03778,10,0.1,10.5,-12.76,-5.03,8,10.5,Positive Control,RF02831,0.4
1566,0.04028,10,0.3,10.5,-4.74,0,46,10.5,Positive Control,RF00035,0.41
0,0.191686,10,-3,0,-9.49,-5.97,6,0,Positive Control,RF01712,0.41
567,0.010665,10,-1.9,12.2,-8.54,-13.4,16,21.7,Positive Control,RF02070,0.41
0,0.057876,10,-2.7,12,-15.17,-31.1,4,22.3,Positive Control,RF02617,0.41
0,0.055635,10,-6.3,12.4,-13.55,-4.5,6,22.5,Positive Control,RF02740,0.41
4218,0.047216,10,-1.5,0,-25.03,-2.89,16,0,Positive Control,RF02849,0.41
0,0.186786,10,-8.4,11.6,-8.32,-11.97,6,11.6,Positive Control,RF00238,0.43
9655,0.041629,10,-1.2,11.5,-13.57,-0.52,20,20.8,Positive Control,RF01387,0.43
2042,0.010665,10,-1.3,0,-43.88,-11.68,16,0,Positive Control,RF02078,0.43
30926,0.046576,10,0.6,12.3,-12.56,0.76,66,12.3,Positive Control,RF02755,0.43
58880,0.032564,10,1,10.1,-39.82,-7.28,40,39.2,Positive Control,RF02798,0.43
8377,0.0382,10,0.5,8.5,-13.52,-2.72,18,8.5,Positive Control,RF02874,0.43
10120,0.010643,10,-0.3,0,-50.66,-5.62,20,0,Positive Control,RF00117,0.44
318,0.010665,10,-2.3,13.2,-17.84,-32.94,16,23.6,Positive Control,RF02073,0.44
0,0.040895,10,-3.2,13.3,-15.45,-34.3,4,25.9,Positive Control,RF02569,0.44
6183,0.054581,10,-1.8,9.7,-59.98,-35.89,16,18.9,Positive Control,RF02695,0.45
0,0.089148,10,-1,9.7,-11.69,-5.82,10,19.2,Positive Control,RF01510,0.46
0,0.156495,10,-6.4,0,-11.86,-4.03,8,0,Positive Control,RF01709,0.46
18687,0.070749,10,1.2,0,-12.3,-3.23,28,0,Positive Control,RF01720,0.46
18378,0.054261,10,-2.8,0,-10.17,-7.29,30,0,Positive Control,RF01795,0.46
542,0.010665,10,-1.6,16,-20.23,-28.79,16,29.7,Positive Control,RF02048,0.46
0,0.080062,10,-4.7,0,-6.84,-11.53,6,0,Positive Control,RF01489,0.47
0,0.035409,10,-6.6,17.8,-22.4,-48.8,4,104.4,Positive Control,RF01808,0.47
0,0.274824,10,0.7,7.5,-14.04,-5.5,20,7.5,Positive Control,RF02446,0.47
0,0.062634,10,-2.8,11.8,-12.35,-31.8,4,18.9,Positive Control,RF02593,0.47
0,0.03778,10,-3.5,11.4,-53.19,-34.93,6,31.8,Positive Control,RF02673,0.47
14926,0.049887,10,0.2,7,-9.09,0,38,7,Positive Control,RF02887,0.47
0,0.03885,10,-3.9,10.9,-10.48,-12.9,8,26.9,Positive Control,RF01067,0.48
2477,0.057916,10,-1.7,13.1,-25.87,-23.33,24,20.8,Positive Control,RF01738,0.48
0,0.118345,10,-1,0,-23.3,-5.07,8,0,Positive Control,RF02851,0.49
0,0.120107,10,-2.6,10.4,-8.71,-6.25,12,10.4,Positive Control,RF01724,0.5
0,0.281909,10,-2.2,0,-13.19,0,24,0,Positive Control,RF01767,0.5
2333,0.010665,10,0,24.8,-3.92,-0.31,16,121,Positive Control,RF02055,0.5
0,0.035753,10,-7,12.1,-31.27,-54.6,4,42.2,Positive Control,RF02829,0.5
2477,0.036823,10,-3.3,0,-13.08,-4.62,20,0,Positive Control,RF01392,0.51
3997,0.010665,10,-4,0,-8.86,-15.4,16,0,Positive Control,RF01403,0.51
0,0.10004,10,-5.2,12.4,-6.75,-3.55,8,20.9,Positive Control,RF02594,0.51
3288,0.014004,10,-0.7,21,-13.99,-0.6,22,21,Positive Control,RF00116,0.52
0,0.044083,10,-0.6,11.4,-14.86,-0.68,12,32.4,Positive Control,RF02420,0.52
0,0.027003,10,-4.3,10.7,-32.19,-24.83,6,27.2,Positive Control,RF01087,0.53
365,0,10,-6.2,7.9,-29.19,-16.88,8,7.9,Positive Control,RF01665,0.53
0,0.097108,10,-1.8,12.5,-10.3,-24,4,20,Positive Control,RF02791,0.53
17301,0.038768,10,-4.3,8.5,-11.11,-10.07,46,8.5,Positive Control,RF02372,0.54
13235,0.360705,10,-23.8,12.8,-30.73,-15.67,12,12.8,Positive Control,RF02608,0.54
0,0.306042,10,-7.8,11.1,-6.62,-10.88,8,20.1,Positive Control,RF02822,0.54
0,0.241359,10,-3.4,0,-25.07,-5.4,12,0,Positive Control,RF02864,0.54
13689,0.013345,10,-7.5,23.4,-53.78,-34.13,18,48.4,Positive Control,RF00125,0.55
0,0.362102,0.0485256,-31.5,13.5,-12.14,-7.62,30,13.5,Positive Control,RF00240,0.55
0,0.403999,0.0105807,0.5,0,-7.3,0,206,0,Positive Control,RF01726,0.55
122,0.258716,10,0.3,0,-6.16,0,24,0,Positive Control,RF02227,0.55
1689,0.22976,10,-3.5,10.7,-24.78,-5.1,22,19,Positive Control,RF02836,0.55
2402,0,10,-2.3,0,-21.57,-11.15,8,0,Positive Control,RF01680,0.56
23918,0.048712,10,-4.3,0,-19.25,-11.64,54,0,Positive Control,RF01813,0.56
0,0.044083,0.0139813,-7.9,10.3,-24.98,-6.3,12,30.7,Positive Control,RF02422,0.56
0,0.137085,10,0.1,11.4,-13.03,0,30,11.4,Positive Control,RF02701,0.56
573,0.293411,10,0.9,0,0,0,14,0,Positive Control,RF01393,0.57
37,0.040173,10,-7,11,-23.36,-24.53,6,11,Positive Control,RF02875,0.57
0,0.21743,10,-2.6,10.4,-21.26,-1.14,46,18.9,Positive Control,RF00520,0.58
4012,0.084285,10,-1.5,0,-21.08,-7.55,30,0,Positive Control,RF01385,0.58
1455,0.020896,10,-2.1,17.7,-25.75,-36.14,10,34.6,Positive Control,RF01386,0.58
0,0.10746,10,-10.2,0,-11.58,-16.8,6,0,Positive Control,RF01696,0.58
3212,0.032564,10,-3.4,9.6,-9.15,-0.87,44,9.6,Positive Control,RF02753,0.58
12071,0.065005,10,0,10.2,-20.29,-14.16,100,18,Positive Control,RF00081,0.59
2168,0.010665,10,-2.3,12.1,-2.95,-6.09,16,64.1,Positive Control,RF01391,0.59
0,0.420666,10,-0.4,9.7,0,0,8,9.7,Positive Control,RF02032,0.59
3587,0.014004,10,-3.3,14.3,-10.92,-1.57,26,50.4,Positive Control,RF02111,0.59
2351,0.225031,10,-8.5,10.6,-10.73,-5.36,10,19.1,Positive Control,RF02222,0.59
0,0.057876,10,-5.5,15.1,-11.38,-12.95,4,25.7,Positive Control,RF02379,0.59
2164,0.032564,10,0.4,0,-2.35,0.3,22,0,Positive Control,RF02873,0.59
826,0.007297,10,-9.1,20.2,-40.71,-30.14,16,166.8,Positive Control,RF00124,0.6
0,0.057876,10,10,0,0,-4,4,0,Positive Control,RF01335,0.6
0,0.268677,10,-1.7,0,-17.37,-9,4,0,Positive Control,RF01710,0.6
0,0.334094,10,-5.8,11.7,-20.44,-22.05,4,19.5,Positive Control,RF02679,0.6
0,0,10,10,14.9,0,-18.9,2,39,Positive Control,RF02838,0.6
0,0.142195,10,-2.3,11.9,0,-9.13,6,30.4,Positive Control,RF01700,0.61
857,0.010665,10,-2.9,0,-43.17,-36.01,16,0,Positive Control,RF02652,0.61
36124,0.04028,10,-4,27.3,-42.5,-21.48,56,366.9,Positive Control,RF01407,0.62
9684,0.29569,10,-0.9,0,-6.54,-0.75,22,0,Positive Control,RF01668,0.62
729,0.027725,10,-3.1,0,-36,-20.92,10,0,Positive Control,RF02694,0.62
11040,0,10,-2.7,0,-26.16,-13.6,8,0,Positive Control,RF02758,0.62
0,0.108757,10,10,0,-6.22,-8.4,4,0,Positive Control,RF01370,0.63
1993,0.040314,10,-1.2,11.4,-52.96,-21.61,30,52.2,Positive Control,RF01397,0.63
9069,0.036823,10,-7.5,25.1,-8.84,-6.88,22,203.8,Positive Control,RF01409,0.63
0,0.06508,10,-0.6,11,0,-13.5,8,28.1,Positive Control,RF01530,0.63
26730,0.312301,10,-0.7,0,-17.63,-4.84,90,0,Positive Control,RF01988,0.63
0,0.100494,10,-10.5,12.5,-27.34,-21.67,14,29.6,Positive Control,RF02268,0.63
0,0.237454,10,0.3,9.2,-2.44,0,10,9.2,Positive Control,RF02509,0.63
16323,0.174515,10,0.9,7.9,-10.41,-0.88,30,7.9,Positive Control,RF02523,0.63
0,0.358406,10,10,0,-1.64,-8.65,4,0,Positive Control,RF02580,0.63
4902,0.043729,10,-6,10.6,-10.67,-10.36,50,34.9,Positive Control,RF00505,0.64
0,0.311742,10,10,0,-5.3,-7.68,8,0,Positive Control,RF01323,0.64
0,0.158513,10,10,0,0,-6.05,4,0,Positive Control,RF01380,0.64
0,0.183684,10,-3.7,0,-10.94,-11.04,10,0,Positive Control,RF01691,0.64
12478,0.00132,0.000140354,-4.6,15.3,-91.48,-83.73,6,65.2,Positive Control,RF02238,0.64
0,0.020824,10,-12.4,0,-38.09,-59.9,4,0,Positive Control,RF02625,0.64
0,0.268677,10,-2.1,7.1,-31.84,-7.93,6,7.1,Positive Control,RF02848,0.64
3429,0.296494,10,-2.7,0,-12.72,0,72,0,Positive Control,RF00118,0.65
0,0.130792,10,-5.3,0,-14.83,-10.93,8,0,Positive Control,RF01054,0.65
0,0,10,10,16.1,0,-12.8,2,16.1,Positive Control,RF01716,0.65
0,0.358406,10,-5.9,13.2,-13.06,-34.45,4,46.4,Positive Control,RF01816,0.65
1002,0.00132,10,-4.5,10,-28.84,-24.6,6,10,Positive Control,RF02233,0.65
0,0.072797,10,-8.4,12,-45,-24.42,10,28.8,Positive Control,RF02649,0.65
34,0.038786,0.0111978,-1,0,-27.95,-13.13,8,0,Positive Control,RF02675,0.65
0,0.055926,10,-3,0,-25.99,-17.27,6,0,Positive Control,RF02688,0.65
0,0.044083,10,-26.3,30,-45.97,-34.82,10,261.2,Positive Control,RF02867,0.65
0,0.315238,10,10,0,-3.93,-4.25,4,0,Positive Control,RF01321,0.66
0,0.039233,10,10,0,-6.15,-1.35,4,0,Positive Control,RF01348,0.66
0,0.350471,10,10,8.2,-11.63,-13.59,16,8.2,Positive Control,RF01356,0.66
0,0.036734,10,-6.8,16.4,-56.72,-82.8,4,48.6,Positive Control,RF01752,0.66
2147,0.010665,10,-1.7,19.3,-8.68,-0.4,16,60.1,Positive Control,RF02065,0.66
72,0.076646,0.0452095,-19.7,0,-47.72,-43.66,10,0,Positive Control,RF02234,0.66
0,0.116536,10,10,0,-9.43,-12.35,4,0,Positive Control,RF02253,0.66
0,0.03778,10,-6.3,10.8,-65.04,-61.5,6,41.6,Positive Control,RF02830,0.66
0,0.104679,10,10,8.5,-9.42,-10.85,4,8.5,Positive Control,RF01333,0.67
0,0.372376,0.0362221,10,0,-3.42,-1.97,6,0,Positive Control,RF01362,0.67
8218,0.117301,10,-6.7,11,-16.72,-10.04,16,30.9,Positive Control,RF01089,0.68
0,0.247648,10,10,0,-6,-4.96,16,0,Positive Control,RF01344,0.68
21990,0.074044,0.00957978,-0.7,9.2,-70.25,-0.15,30,9.2,Positive Control,RF01756,0.68
34916,0.048712,10,-7.1,32.3,-20.58,-6.72,52,403.7,Positive Control,RF02082,0.68
0,0.072438,10,-0.3,12.2,-12.03,-0.96,10,23.2,Positive Control,RF02507,0.68
0,0.044083,10,-11.5,10.1,-20.26,-13.28,12,10.1,Positive Control,RF02692,0.68
0,0.29123,0.0225059,-5.7,11.9,-17.1,-0.03,16,22.9,Positive Control,RF02800,0.68
8605,0.220025,0.00514553,-3,0,-12.35,-0.47,26,0,Positive Control,RF00170,0.69
0,0.232235,10,10,9.7,-7.66,-5.35,8,9.7,Positive Control,RF01336,0.69
0,0.061869,10,-3.1,0,-51.46,-55.73,6,0,Positive Control,RF01528,0.69
11290,0.070749,10,-1.8,0,-16.69,-5.52,28,0,Positive Control,RF01676,0.69
0,0.010152,10,-8.5,15.6,-50.18,-122,4,66.9,Positive Control,RF01703,0.69
0,0,10,10,14.5,0,-13,2,14.5,Positive Control,RF02263,0.69
270831,0.043729,10,-8.3,13,-26.42,-40.8,48,78.7,Positive Control,RF02564,0.69
0,0.257446,10,0.9,15.1,-30.51,-3.7,6,25.2,Positive Control,RF02577,0.69
0,0.37699,10,10,0,-7.48,0,114,0,Positive Control,RF01315,0.7
592,0.010665,10,-4.6,22,-9.14,-21.52,16,65.5,Positive Control,RF02066,0.7
23772,0.048712,10,10,0,-2.67,0,52,0,Positive Control,RF02700,0.7
0,0.102092,10,10,0,0,-1.53,6,0,Positive Control,RF01343,0.71
174,0.031819,10,-12.3,13.7,-7.34,0,30,96.6,Positive Control,RF01401,0.71
0,0.039794,10,-8,14.9,-44.15,-45.78,8,54.7,Positive Control,RF01812,0.71
8927,0.038768,0.00932408,0.7,16,-23.43,0,44,25.8,Positive Control,RF02052,0.71
9074,0.010665,10,10,16.9,-7.96,-17.85,16,53,Positive Control,RF02063,0.71
0,0.090337,10,-19.5,7.6,-29.18,-29.84,10,7.6,Positive Control,RF02100,0.71
5082,0.22731,10,10,0,-8.88,-2.53,14,0,Positive Control,RF02224,0.71
0,0.167798,10,-2.2,11.8,-11.72,-18,4,54.2,Positive Control,RF02434,0.71
10794,0.010665,10,-1.5,0,-39.94,-57.34,16,0,Positive Control,RF02689,0.71
895,0.010665,10,-1.7,0,-89.53,-71.6,16,0,Positive Control,RF01406,0.72
0,0.407251,10,10,10.1,-9.03,-6.8,106,10.1,Positive Control,RF01990,0.72
0,0.07658,10,-2.2,11.3,-17.91,0.01,16,26.4,Positive Control,RF02506,0.72
11113,0.050807,10,-2.4,11.4,-6.17,-2.28,20,52.5,Positive Control,RF02628,0.72
0,0.376548,10,10,0,0,0,22,0,Positive Control,RF01320,0.73
0,0.108786,10,10,13.7,-12.78,-9.08,12,23.3,Positive Control,RF01325,0.73
0,0.180575,10,10,0,0,0,8,0,Positive Control,RF01327,0.73
0,0.179264,10,10,9.7,-5,-8.65,4,9.7,Positive Control,RF01345,0.73
0,0.353027,10,10,0,-4.01,0,16,0,Positive Control,RF01352,0.73
51426,0.410801,1.39036e-09,1.1,12.4,-10.19,-3.81,312,31.5,Positive Control,RF01989,0.73
3709,0.010643,10,-4.9,21.9,-12.1,-5.03,20,48.3,Positive Control,RF02083,0.73
0,0.248279,10,10,7.8,-5.17,-2.6,6,7.8,Positive Control,RF01713,0.74
0,0.036975,10,-7.6,13,-34.86,-25.62,8,54.3,Positive Control,RF02424,0.74
0,0.03778,10,-12.1,15.2,-45.08,-65.67,6,55,Positive Control,RF02605,0.74
234,0.038778,10,-11.2,18.8,-21.06,-18.37,20,82.7,Positive Control,RF00107,0.75
0,0.261497,10,10,0,-1.68,0,4,0,Positive Control,RF01316,0.75
0,0.143425,10,10,9.3,-3.81,0,36,9.3,Positive Control,RF01318,0.75
329,0.010665,10,-3,12.7,-47.9,-34.14,16,54,Positive Control,RF01398,0.75
2059,0.010665,10,0.4,19,-1.65,0.08,16,83.7,Positive Control,RF01402,0.75
0,0.370731,10,-3.9,12.3,-13.68,-7.87,12,51.5,Positive Control,RF01458,0.75
32499,0.053477,0.0443053,-1.8,11.7,-13.26,-2.93,78,58.9,Positive Control,RF01517,0.75
50433,0.421197,0.000338698,10,0,-1.13,0,150,0,Positive Control,RF01707,0.75
0,0.079352,10,10,0,0,0,10,0,Positive Control,RF01711,0.75
0,0.116443,10,10,0,0,0,4,0,Positive Control,RF02358,0.75
0,0.358406,10,-13.2,19.6,-28.58,-24.97,6,46.2,Positive Control,RF02414,0.75
1030,0.010665,10,10,16.2,0,-14.77,16,38.5,Positive Control,RF01388,0.76
5994,0.063145,10,-0.5,15.7,-19.81,-14.94,24,31.5,Positive Control,RF01740,0.76
0,0.358406,10,-7.4,19.1,-28.9,-49.25,4,74.7,Positive Control,RF02578,0.76
0,0.154906,10,-5.8,11,-34.9,-10.15,12,31.8,Positive Control,RF02648,0.76
0,0.12466,10,-13.2,24.4,-24.53,-14.49,14,167.4,Positive Control,RF02863,0.76
0,0.417631,7.48076e-16,10,11.5,-8.6,0,230,11.5,Positive Control,RF00559,0.77
0,0.056351,0.0474047,-0.9,12.5,-7.45,-11.6,16,55.3,Positive Control,RF01736,0.77
0,0.220612,10,-4,26.8,-14.24,-21.15,4,69.3,Positive Control,RF02351,0.77
0,0.224361,10,-6.3,27.9,-18.91,-5.78,10,258,Positive Control,RF02442,0.77
0,0.182944,10,0,11.7,-6.55,-1.37,24,50.6,Positive Control,RF02469,0.77
2414,0.024836,10,-1.5,20.5,-9.17,-5.57,6,65,Positive Control,RF02607,0.77
0,0.143425,0.0133509,10,0,-3.38,0,22,0,Positive Control,RF02677,0.77
0,0.187452,0.00752082,10,0,-5.59,-0.88,8,0,Positive Control,RF01332,0.78
0,0.097416,10,10,11.3,-4.12,-9.2,4,19.8,Positive Control,RF01347,0.78
21712,0.070749,10,-2.5,8.6,-24.82,-8.75,28,41.1,Positive Control,RF01721,0.78
0,0.358406,10,-4.2,16.5,-15.42,-20.75,4,57.6,Positive Control,RF01819,0.78
0,0.072795,10,-8.5,24,-15.33,-17.92,10,196.1,Positive Control,RF02728,0.78
0,0.290281,0.0144779,10,10.4,0,0,14,20,Positive Control,RF00008,0.79
0,0.400095,0.000612093,10,0,-7.96,0,154,0,Positive Control,RF00522,0.79
20485,0.421197,10,10,11.2,-6.39,0,66,11.2,Positive Control,RF01396,0.79
0,0.061869,10,-4.3,11.9,-14.34,-25.63,6,60.2,Positive Control,RF01521,0.79
0,0.15339,10,10,0,-16.88,0,60,0,Positive Control,RF01739,0.79
0,0.144573,10,-2,12,-16.44,-26.64,54,41.4,Positive Control,RF01791,0.79
94404,0.300864,1.05994e-05,-3.2,19.3,-19.86,-29.66,138,300.3,Positive Control,RF02030,0.79
0,0.132896,0.0180076,0.6,11.7,-11.6,-1.05,22,37.9,Positive Control,RF02464,0.79
0,0.08625,10,-8.6,10.4,-73.09,-81.68,8,62.4,Positive Control,RF02566,0.79
10986,0.047216,10,-6.1,16.1,-30.02,-8.93,16,40.7,Positive Control,RF02778,0.79
1741,0.063145,10,0.3,9.3,-18.76,0,22,42.4,Positive Control,RF01671,0.8
26354,0.063145,10,-2.6,12.3,-9.23,-6.11,24,35.9,Positive Control,RF01759,0.8
3544,0.048712,10,-13.4,28.9,-11.48,-9.25,42,234.8,Positive Control,RF02064,0.8
26028,0.047216,10,-26.2,25,-9.59,-11.36,14,206.3,Positive Control,RF02767,0.8
0,0.227967,10,-3,25,0,-3.54,14,186,Positive Control,RF02862,0.8
651,0.010665,10,-1.7,17,-56.61,-15.46,16,61.1,Positive Control,RF01390,0.81
0,0,10,10,0,0,-0.1,2,0,Positive Control,RF02682,0.81
0,0.010625,10,10,0,0,-5.8,4,0,Positive Control,RF02765,0.81
0,0.03778,0.0239581,-2.6,16.9,-16.85,-23.2,6,83.1,Positive Control,RF02832,0.81
3257,0.013345,10,-6.3,12.4,-24.67,-10.21,14,61.9,Positive Control,RF02876,0.81
0,0,10,10,0,0,-6,2,0,Positive Control,RF01114,0.82
0,0,10,10,8.1,0,-12.8,2,8.1,Positive Control,RF01331,0.82
0,0,10,10,10.2,0,-7.9,2,10.2,Positive Control,RF01341,0.82
0,0,10,10,11,0,-8.8,2,11,Positive Control,RF01366,0.82
0,0.291154,6.81098e-10,10,7.2,-12.01,-4.52,126,7.2,Positive Control,RF01727,0.82
0,0.102202,10,-0.2,18.8,-6.34,-15.5,4,45.5,Positive Control,RF02371,0.82
0,0.044083,10,-12.7,14.8,-13.2,-13.78,10,44.6,Positive Control,RF02871,0.82
0,0.185614,10,10,14.4,-5.66,0,18,25,Positive Control,RF02877,0.82
0,0.378398,10,10,14.4,-10.45,0,54,26.5,Positive Control,RF00555,0.83
0,0.373024,0.00536188,10,0,-6.68,0,56,0,Positive Control,RF00556,0.83
0,0,10,10,8.8,0,-8.7,2,8.8,Positive Control,RF01376,0.83
0,0.243203,10,0,13,-12.85,0,78,58.3,Positive Control,RF01815,0.83
0,0,10,10,11,0,-19.9,2,11,Positive Control,RF01836,0.83
2653,0.010665,10,10,20.1,0,-12.68,16,46.6,Positive Control,RF02056,0.83
645,0.010665,10,-1,16.6,-34.2,-0.88,16,40.7,Positive Control,RF02080,0.83
0,0,10,10,0,0,-0.9,2,0,Positive Control,RF02447,0.83
54166,0.084285,0.00113734,-7.4,11.3,-18.65,-6.22,124,88.4,Positive Control,RF02768,0.83
0,0.338498,10,10,11.3,-8.87,0,28,22.2,Positive Control,RF02819,0.83
0,0.044083,10,-0.5,15.9,-7.05,-5.2,8,52.5,Positive Control,RF02883,0.83
11250,0.296148,10,-5.6,0,-16.34,-14.09,38,0,Positive Control,RF00383,0.84
0,0.450308,2.04533e-26,0.7,29.1,-24.06,0,596,3049.2,Positive Control,RF00557,0.84
0,0,10,10,0,0,-7.3,2,0,Positive Control,RF01365,0.84
0,0.056351,10,-5.4,11,-21.67,-14.06,16,53.9,Positive Control,RF01723,0.84
0,0,10,10,0,0,-13.8,2,0,Positive Control,RF01753,0.84
0,0,10,10,10.2,0,-21,2,29.4,Positive Control,RF01762,0.84
0,0,10,10,0,0,-10.1,2,0,Positive Control,RF01843,0.84
0,0.122304,10,0.8,18.7,-12.06,-13.55,4,36,Positive Control,RF02449,0.84
0,0.064584,10,-14.5,23.4,-25.38,-19.1,12,265,Positive Control,RF02859,0.84
0,0.044083,10,-12.1,21.7,-27.03,-21.63,12,331.5,Positive Control,RF02865,0.84
0,0,10,10,0,0,-3.8,2,0,Positive Control,RF01361,0.85
0,0,10,10,0,0,-3.5,2,0,Positive Control,RF01364,0.85
0,0.130792,10,-3.9,18.5,-10.22,-11.57,6,50.3,Positive Control,RF01732,0.85
227,0.010665,10,10,18,-5.77,-14.15,16,79.3,Positive Control,RF02054,0.85
0,0.056351,10,-10,15.8,-55.69,-59.04,14,241.4,Positive Control,RF02354,0.85
0,0,10,10,0,0,-19.7,2,0,Positive Control,RF02465,0.85
0,0.075796,10,-4.7,15.9,-10.58,-9.84,10,38.1,Positive Control,RF02596,0.85
0,0.013446,10,-3.1,13,-47.79,-81.3,4,70.9,Positive Control,RF02690,0.85
0,0.103035,10,-6,14.2,-24.75,-5.55,8,32,Positive Control,RF02840,0.85
0,0.389302,1.09769e-23,0,26.5,-20.94,-3.89,258,2257.7,Positive Control,RF00515,0.86
1120,0.057916,10,10,8.6,-11.72,1.34,NA,8.6,Positive Control,RF00623,0.86
43141,0.048712,0.00767107,-1.3,12.1,-22.84,-3.82,78,65.9,Positive Control,RF01056,0.86
0,0,10,10,0,0,-3.3,2,0,Positive Control,RF01072,0.86
0,0,10,10,0,0,-4.9,2,0,Positive Control,RF01083,0.86
0,0.140052,10,10,11.7,-10.03,-14.18,16,32.9,Positive Control,RF01329,0.86
0,0,10,10,0,0,-6.9,2,0,Positive Control,RF01363,0.86
0,0,10,10,0,0,-3.5,2,0,Positive Control,RF01367,0.86
0,0.301135,4.97617e-05,0,11.8,-7.82,-1.37,38,43.5,Positive Control,RF01735,0.86
0,0.350326,5.71272e-05,0.3,32.5,-30.17,-45.04,36,544.1,Positive Control,RF02000,0.86
11954,0.038768,10,0.2,13.8,-8.82,0,44,37.7,Positive Control,RF02060,0.86
1385,0.235419,10,-1.9,29.9,-25.91,-10.04,22,312.5,Positive Control,RF02223,0.86
1478,0.007305,10,10,0,-5.52,-5.33,6,0,Positive Control,RF02597,0.86
0,0,10,10,0,0,-11.3,2,0,Positive Control,RF02624,0.86
14250,0.421197,0.000245899,0,29,-13.73,-3.03,142,1713.8,Positive Control,RF02744,0.86
59233,0.014004,10,10,0,-4,-2.54,26,0,Positive Control,RF02751,0.86
697,0.022783,10,-10.6,15.2,-61.35,-70.98,10,82.3,Positive Control,RF02809,0.86
0,0.044083,10,-12,19.2,-26.8,-20.32,10,91.8,Positive Control,RF02837,0.86
0,0.058125,10,10,17.5,0,-12.2,4,38.7,Positive Control,RF01334,0.87
0,0.083998,10,-7.9,17.3,-46.75,-79.45,4,83.8,Positive Control,RF01757,0.87
2117,0.063145,10,-10.5,22.6,-35.61,-36.64,10,225.4,Positive Control,RF02144,0.87
14063,0.078796,10,-2,14.9,-5.6,-0.81,26,29.2,Positive Control,RF02783,0.87
0,0.057379,0.0414357,-6.4,15.1,-26.74,-22.98,8,70.6,Positive Control,RF02858,0.87
52128,0.038768,10,-5.6,14.9,-33.35,-4.3,44,90.8,Positive Control,RF00077,0.88
0,0.441049,2.2616e-27,0,55,-49.45,0,496,2215.7,Positive Control,RF00230,0.88
0,0.369266,1.11679e-09,0,11.7,-5.11,-4.71,356,91.8,Positive Control,RF00521,0.88
0,0.174602,10,-2.8,15.5,-15.91,-2.47,20,48.7,Positive Control,RF01065,0.88
0,0.032463,10,10,0,0,0,6,0,Positive Control,RF01704,0.88
42950,0.421197,2.52967e-06,-1.1,27.9,-26.05,-8.27,160,515.1,Positive Control,RF01859,0.88
9230,0.038114,10,-4.1,13.6,-10.61,0,36,35.9,Positive Control,RF02068,0.88
1954,0.040173,10,-8.9,16.1,-12.4,-7.45,30,148.3,Positive Control,RF02075,0.88
35809,0.046576,10,-1.1,27.7,-6.4,0,58,330.6,Positive Control,RF02079,0.88
0,0.044083,10,-8.9,14.8,-25.08,-13.18,12,147.9,Positive Control,RF02423,0.88
0,0,10,10,0,0,-27.4,2,0,Positive Control,RF02499,0.88
0,0.044083,10,-4.5,15.5,-15.39,-12.28,12,87.8,Positive Control,RF02866,0.88
501014,0.495254,8.39991e-38,0,71.2,-121.36,-2.97,2760,27092.8,Positive Control,RF00010,0.89
5187,0.300451,0.0150469,0,12.2,-5.29,-6.55,122,93.2,Positive Control,RF00034,0.89
20591,0.501173,9.34349e-34,0,55.4,-17.04,-8.84,2940,2313.5,Positive Control,RF00169,0.89
0,0.198923,1.02462e-11,-0.8,37.4,-31.5,-32.63,192,500,Positive Control,RF01746,0.89
2356,0.048046,10,-4.2,12.5,-25.59,-21.07,40,45.8,Positive Control,RF01809,0.89
0,0.37727,0.00207299,0.9,26.2,-17.92,-11.96,50,496.9,Positive Control,RF01820,0.89
0,0.33242,1.50415e-15,1.2,11,-29.95,0.52,140,52.4,Positive Control,RF01831,0.89
7277,0.488852,1.48649e-08,0,11.5,-19.17,-6.43,178,91.2,Positive Control,RF01999,0.89
6993,0.405299,8.48782e-07,0,28,-3.34,0,122,208.4,Positive Control,RF02194,0.89
47463,0.303592,10,10,13.6,-2.18,0,26,32.4,Positive Control,RF02228,0.89
1689,0.229831,0.000139549,-6.5,16,-22.2,-16.57,14,135.9,Positive Control,RF02241,0.89
0,0.26991,0.000173942,10,12.1,-8.11,0,64,28.5,Positive Control,RF02646,0.89
12635,0.070749,10,0.3,11.1,-18.99,0,26,40,Positive Control,RF02812,0.89
32603,0.301526,0.0331883,0,11.4,-13.26,0,122,115.3,Positive Control,RF02855,0.89
0,0.061563,10,-7,16.6,-30.1,-12.72,10,99.5,Positive Control,RF02860,0.89
0,0.044083,10,-20.5,15.5,-18.84,-14.6,12,130.4,Positive Control,RF02869,0.89
15763,0.063145,10,1,12,-29.33,1.03,24,39.8,Positive Control,RF02872,0.89
154441,0.421197,4.52889e-14,-1.4,33.5,-46.85,-8.21,188,1203.2,Positive Control,RF00022,0.9
40562,0.048712,1.37807e-05,-8.8,16.2,-30.42,-25.58,58,220.1,Positive Control,RF00113,0.9
15110,0.46462,3.1771e-28,0.2,34.8,-41.98,0.5,610,1528.8,Positive Control,RF00168,0.9
0,0.100494,0.00135757,-3.8,21.4,-11.22,-12.56,16,173,Positive Control,RF00378,0.9
30492,0.421197,1.95558e-05,0,31.8,-30.95,-12.92,228,1601.8,Positive Control,RF00514,0.9
2179,0.043905,10,0.9,19.5,0,-1.8,28,244.3,Positive Control,RF01395,0.9
1068,0,10,10,0,0,-31.9,8,0,Positive Control,RF01677,0.9
439,0.400145,6.5242e-11,-1.1,18.2,-23.24,-8.16,88,1071,Positive Control,RF01731,0.9
30833,0.070749,10,-1.4,9.9,-23.77,-9.26,28,91.9,Positive Control,RF01755,0.9
44064,0.053477,10,10,9.6,-3.07,0,72,18.7,Positive Control,RF01832,0.9
0,0.345027,0.0163811,1.5,23.7,-33.74,0,44,257.8,Positive Control,RF01867,0.9
8374,0.234127,10,-3.1,23,-62.38,-25.48,12,321.4,Positive Control,RF02225,0.9
3986,0.235419,10,1.2,13.6,-21.35,-2.48,24,46.5,Positive Control,RF02242,0.9
0,0.236177,1.54769e-11,0,24.2,-21.76,-24.68,120,1523.6,Positive Control,RF02344,0.9
0,0.03778,10,-1,14.4,-14.88,-13.77,6,65.8,Positive Control,RF02790,0.9
179223,0.501173,3.91074e-28,0,30.8,-22.46,-0.38,1483,1089.6,Positive Control,RF00001,0.91
0,0.417631,7.58826e-15,0,38.2,-84.44,-1.28,228,1844.7,Positive Control,RF00011,0.91
22898,0.301695,0.00050039,0,30.1,-15.67,-0.42,170,272.6,Positive Control,RF00021,0.91
6695,0.048712,10,-3.9,15.6,-13.15,-1.5,82,88.5,Positive Control,RF00033,0.91
41074,0.056732,0.0204453,-3.2,23.7,-82.07,-31.27,58,418.2,Positive Control,RF00126,0.91
18150,0.421197,0.0183536,0,32.3,-15.8,0,162,664,Positive Control,RF00506,0.91
16322,0.301526,0.000230499,0,30.4,-7.93,-1.77,138,928.9,Positive Control,RF00512,0.91
0,0.411781,3.77158e-10,0,29.9,-12.51,-3.4,264,1682.7,Positive Control,RF00519,0.91
0,0.428744,7.35706e-12,0,23.5,-15.33,-0.35,296,1621.7,Positive Control,RF00558,0.91
0,0.109768,0.00196179,10,18.3,-17.3,-20.2,8,34.9,Positive Control,RF01340,0.91
0,0.1739,0.0484051,-3.2,19,-10.01,0.82,12,102.7,Positive Control,RF01470,0.91
3043,0,10,10,0,-9,-19.88,8,0,Positive Control,RF01678,0.91
686,0.422616,3.5229e-24,0,12.2,-16.17,0,430,226,Positive Control,RF01750,0.91
0,0.128693,0.00819867,-0.1,24,-35.52,-29.91,30,295.7,Positive Control,RF02355,0.91
0,0.106874,10,10,29.6,0,0,28,251.2,Positive Control,RF02376,0.91
0,0.302647,10,-5.8,17.1,-2.88,-1.59,44,134.4,Positive Control,RF02399,0.91
0,0.060621,10,-2.6,11.8,-24.79,-5.73,18,85.4,Positive Control,RF02501,0.91
1668,0.41974,0.000716052,0.9,12.8,-26.58,-13.98,58,99.1,Positive Control,RF02553,0.91
0,0.203991,10,-11,16,-26.63,-20.12,10,47.5,Positive Control,RF02600,0.91
42503,0.300451,0.00391842,-2.7,14.6,-10.37,-2.41,86,42.1,Positive Control,RF02797,0.91
2815,0.413152,2.18399e-09,10,25.6,-2.83,0,116,167.8,Positive Control,RF00032,0.92
22113,0.421197,10,-2,12.9,-6.98,0,154,128.6,Positive Control,RF00057,0.92
237807,0.055009,0.000608737,0.9,37.6,-37.49,-15.13,82,655.5,Positive Control,RF00084,0.92
0,0.215534,9.99663e-07,10,24.4,-3.15,0,82,864.3,Positive Control,RF00516,0.92
15080,0.065485,10,-4.5,17.7,-21.74,-8.05,16,92.6,Positive Control,RF00625,0.92
17007,0.421197,10,10,12.4,-8.46,-7.96,188,78.3,Positive Control,RF01317,0.92
0,0.317255,10,10,15.6,-10.84,-18.17,14,59.1,Positive Control,RF01322,0.92
5369,0.459718,2.29287e-14,10,11.5,-11.54,0,622,86.3,Positive Control,RF01734,0.92
0,0.324114,2.05409e-07,-1.8,19.2,-23.01,-9.96,72,50.8,Positive Control,RF01764,0.92
47972,0.421197,10,10,29.2,-11.63,0,212,643.5,Positive Control,RF01770,0.92
0,0.345128,10,10,11.1,-11.17,0,80,129.9,Positive Control,RF01782,0.92
618,0.343502,10,-3.7,12.8,-17.03,-13.39,20,73.6,Positive Control,RF01811,0.92
38448,0.421197,10,-3.9,18.8,-18.86,-19.27,142,389,Positive Control,RF02031,0.92
91178,0.048712,10,-1.1,19.9,0,-3.18,70,428.2,Positive Control,RF02069,0.92
3354,0.234127,0.0325404,-6.5,15.8,-42.04,-18.4,14,111.3,Positive Control,RF02230,0.92
35063,0.300451,10,10,10.9,-12.1,0,98,39.6,Positive Control,RF02401,0.92
1713,0.070749,10,-1.2,30.8,-14.34,0,24,432.2,Positive Control,RF02405,0.92
57546,0.495254,9.42161e-17,10,45.7,-23.42,0,718,1000.9,Positive Control,RF00029,0.93
6583,0.421197,0.000635205,-0.9,31.2,-15.9,-1.58,148,715.8,Positive Control,RF00513,0.93
4957,0.253398,0.00385099,-2.7,19.8,-18.51,-6.47,56,223.1,Positive Control,RF00624,0.93
0,0.297987,0.0367348,0,15.5,-12.71,-1.67,32,35.5,Positive Control,RF01069,0.93
689,0.063145,10,-2.7,13.4,-18.22,-4,18,35.3,Positive Control,RF01679,0.93
0,0.346613,4.58987e-06,1.5,19.8,-16.61,0.95,114,46.6,Positive Control,RF01685,0.93
0,0.174602,10,0.2,15.5,-17.39,0,34,55,Positive Control,RF01708,0.93
6089,0.482813,1.42759e-32,0,24.1,-27.13,-19.91,1422,1630.8,Positive Control,RF01852,0.93
3331,0.450807,1.13381e-13,0,20.2,-24.86,0,196,443.1,Positive Control,RF02012,0.93
2959,0.360705,10,0.2,19.1,0,0,12,61,Positive Control,RF02375,0.93
0,0.337502,10,10,14.5,0,0,98,56.8,Positive Control,RF02510,0.93
4390,0.058579,10,-1.7,18.7,-12.11,-6.18,76,187.5,Positive Control,RF02551,0.93
88066,0.421197,10,0.6,13.6,-94.38,0,136,223,Positive Control,RF00040,0.94
38068,0.45637,2.56094e-18,-0.9,20.6,-39.67,0,1512,1188.7,Positive Control,RF00050,0.94
48011,0.495254,2.32264e-31,0.7,20.3,-26.72,0,2752,990.1,Positive Control,RF00059,0.94
68272,0.421197,0.000370313,10,31.6,-10.15,0,144,882.9,Positive Control,RF00082,0.94
3255,0.048712,10,10,17.8,-3.97,0,44,86.5,Positive Control,RF00115,0.94
13596,0.048712,10,10,26.4,-4.54,0,60,178.3,Positive Control,RF00121,0.94
0,0.45159,5.40218e-32,-0.9,15.7,-20.57,-18.43,372,134,Positive Control,RF00167,0.94
45190,0.495254,2.51752e-50,10,24.9,-50.32,0,2396,3615.3,Positive Control,RF00174,0.94
3548,0.041509,10,-4.8,16.5,-29.61,-12.56,20,99.4,Positive Control,RF00372,0.94
2733,0.063145,0.0108733,-1.6,15.5,-45.29,-27.12,24,151.9,Positive Control,RF00629,0.94
0,0.346741,3.23526e-05,0,19.3,-25.7,-22.14,148,634.4,Positive Control,RF01066,0.94
0,0.068978,10,-4.6,13.3,-14.41,-12.77,8,63.7,Positive Control,RF01519,0.94
0,0.336387,10,-1.3,23.5,-4.99,-1.4,14,203.1,Positive Control,RF01527,0.94
862211,0.42508,3.94658e-27,0,35.9,-6.62,-3.51,500,6259.6,Positive Control,RF01766,0.94
16705,0.301695,0.0013111,0,27.4,-12.13,-1.43,130,914.8,Positive Control,RF02029,0.94
16250,0.232628,10,10,26,-12.38,0,84,394.2,Positive Control,RF02057,0.94
6251,0.235419,1.60602e-05,-1.6,14.2,-32.17,-28.21,36,175.7,Positive Control,RF02232,0.94
6701,0.225031,10,-7.6,13.8,-50.93,-23,10,165,Positive Control,RF02243,0.94
0,0.41669,0.00456571,-1.4,14.9,-25.52,-0.28,58,52.4,Positive Control,RF02683,0.94
16011,0.048712,10,0,13.1,-31.33,0.86,70,150.9,Positive Control,RF02757,0.94
91262,0.458938,6.33649e-44,0,20.3,-30.36,-6.43,1596,2125.3,Positive Control,RF00013,0.95
51764,0.421197,9.49304e-20,-1,21.6,-24.93,0,436,802,Positive Control,RF00080,0.95
1269,0.350732,0.00146554,-1.2,21.8,-24.69,-12.58,34,259.6,Positive Control,RF00106,0.95
0,0.170024,10,-0.6,16.1,-13.81,0,90,34.9,Positive Control,RF01116,0.95
0,0.378398,0.00336757,10,14,0,0,36,67.8,Positive Control,RF01492,0.95
0,0.373894,10,0.2,15.6,-12.58,0,24,72.2,Positive Control,RF01494,0.95
0,0.15192,0.000962086,-3,13.5,-28.23,-4.57,16,79.9,Positive Control,RF01699,0.95
0,0.165056,0.00576365,0.2,17.3,-12.2,0,84,165.6,Positive Control,RF01701,0.95
0,0.377959,1.10352e-05,-0.7,14.1,-16.61,0,118,115.4,Positive Control,RF01705,0.95
0,0.275507,0.0276693,-0.3,13.8,-43.38,0,76,74.9,Positive Control,RF02004,0.95
0,0.151512,0.0036488,-1.2,18.5,-20.38,-19.81,18,272.8,Positive Control,RF02353,0.95
0,0.296953,0.000169428,0,13.6,-23.28,-16.65,100,186.9,Positive Control,RF02500,0.95
2652,0.360705,10,0.2,21.4,-16.69,0,10,87.7,Positive Control,RF02606,0.95
0,0.111116,7.18278e-08,0,19.2,-20.51,-22.77,106,454.2,Positive Control,RF02784,0.95
27134,0.421197,0.00348558,0,13.3,-24.6,-1.93,142,179.7,Positive Control,RF02850,0.95
426464,0.421197,3.71571e-11,0,22.5,-52.83,-0.67,162,2871.8,Positive Control,RF00018,0.96
12110,0.421197,0.00111548,0.1,16.2,-12.33,-6.23,130,374.1,Positive Control,RF00079,0.96
6213,0.474012,2.1353e-22,0,22.7,-26.26,0,1052,807.4,Positive Control,RF00162,0.96
20210,0.301526,0.0461624,-5.9,13.9,-21.3,-5.94,124,114,Positive Control,RF00382,0.96
17733,0.070749,10,-3.9,16.5,-20.72,-12.78,28,175.1,Positive Control,RF00444,0.96
11614,0.444414,5.86918e-31,10,18,-21.66,0,1416,569.8,Positive Control,RF00504,0.96
7513,0.46462,4.77783e-21,0,19.2,-33.27,0,422,611,Positive Control,RF01055,0.96
34193,0.421197,1.41266e-16,10,10.5,-15.03,-0.63,482,58.1,Positive Control,RF01068,0.96
0,0.346182,1.27707e-05,0.8,13.3,-22.35,-6.15,132,91.4,Positive Control,RF01070,0.96
24082,0.266484,3.6336e-12,0,13.3,-11.02,-9.55,168,126.4,Positive Control,RF01394,0.96
33486,0.074044,0.0494334,-0.5,15.8,-28.01,-12.47,30,133.1,Positive Control,RF01674,0.96
0,0.208576,2.68406e-08,-0.3,17.8,-21.62,-10.72,250,486.4,Positive Control,RF01688,0.96
0,0.420663,3.31238e-05,10,12.9,-16.39,0,182,68.4,Positive Control,RF01749,0.96
10540,0.048712,10,0,22.7,-6.84,-1.51,74,261.9,Positive Control,RF01771,0.96
0,0.437958,4.13173e-07,0,14.9,-14.01,-1.47,112,358.4,Positive Control,RF02033,0.96
11022,0.048712,10,0,21.4,-2.34,0.65,56,311.8,Positive Control,RF02053,0.96
22039,0.065005,10,0.4,20.9,-13.62,0,104,624.9,Positive Control,RF02074,0.96
14159,0.048712,10,10,19.4,0,0,70,223.9,Positive Control,RF02084,0.96
5670,0.235419,10,-3.8,16.1,-15.6,-10.75,12,101.3,Positive Control,RF02226,0.96
0,0.21743,0.000525242,0,21.4,-30.76,-25.17,56,756.4,Positive Control,RF02342,0.96
0,0.267458,10,-5.1,18.8,-30.67,0.04,18,90.1,Positive Control,RF02349,0.96
0,0.295828,0.0340431,10,16,-7.67,0,24,146.7,Positive Control,RF02452,0.96
0,0.174198,1.71731e-14,0,16.8,-24.06,-11.16,186,736.8,Positive Control,RF02471,0.96
0,0.214122,10,0.3,18.1,-23.65,-1.44,36,343.8,Positive Control,RF02503,0.96
359,0.421197,10,10,12.3,-21.03,0,44,136.2,Positive Control,RF02736,0.96
98061,0.300864,0.00679382,10,13.5,0,0,104,56.3,Positive Control,RF02773,0.96
1358368,0.501173,7.51077e-47,1.3,15.6,-30.24,-4.36,3026,389.3,Positive Control,RF00005,0.97
6041,0.421197,10,0,13.2,-13.98,-1.47,134,119.6,Positive Control,RF00112,0.97
251735,0.421197,1.13344e-11,0,16.4,-19.72,0,484,290.7,Positive Control,RF00127,0.97
26359,0.074044,10,-2.4,21.6,-24.95,-14.05,30,347.3,Positive Control,RF00195,0.97
37714,0.05735,0.000209662,-1.8,17.5,-31.08,-16.83,88,666.7,Positive Control,RF00369,0.97
1817,0.397359,1.81091e-22,0,18,-29.24,-4.26,388,415.8,Positive Control,RF00442,0.97
22086,0.300451,0.0485221,-3.5,17.5,-48.36,0,94,334.5,Positive Control,RF00534,0.97
0,0.343502,3.16783e-09,0,19.4,-29.33,-12.87,244,704.3,Positive Control,RF00634,0.97
0,0.447319,1.14178e-23,0,19.2,-23.23,0,512,337,Positive Control,RF01051,0.97
1987,0.443576,8.88541e-15,10,15.9,-15.89,0,390,185,Positive Control,RF01057,0.97
0,0.120019,0.00226373,0.8,15.1,-17.61,3.76,32,152.7,Positive Control,RF01411,0.97
0,0.170024,0.00392984,10,15.9,-15.31,0,92,155.7,Positive Control,RF01419,0.97
24916,0.070749,10,10,14.1,-5.94,0,26,48.5,Positive Control,RF01669,0.97
0,0.402876,10,1,16.2,-21.1,-3.04,38,130.8,Positive Control,RF01693,0.97
1066,0.346182,0.000937922,1.1,14.4,-28.91,-23.33,62,158.6,Positive Control,RF01754,0.97
0,0.143838,10,10,12.2,-6.45,0,92,76,Positive Control,RF01781,0.97
23279,0.301526,0.000431782,1,16.3,-17.9,-12.11,140,565.3,Positive Control,RF01796,0.97
0,0.411781,3.85048e-15,0.7,22.9,-72.24,0,496,1690.4,Positive Control,RF01849,0.97
4,0.440334,2.76267e-07,10,18.8,-28.76,0,136,236.7,Positive Control,RF02003,0.97
51076,0.062972,0.00593528,0,21.9,-22.66,-0.22,54,166.6,Positive Control,RF02076,0.97
10027,0.235419,0.0249531,-0.9,16.8,-33.6,-24.77,36,321.1,Positive Control,RF02235,0.97
0,0.348033,7.61855e-09,-1.8,19,-19.19,-1.51,68,211,Positive Control,RF02276,0.97
0,0.346182,2.86746e-09,1.2,23.3,-13.25,-10.58,148,765.4,Positive Control,RF02278,0.97
0,0.283069,0.000933342,10,13.3,-12.4,0,96,296.1,Positive Control,RF02647,0.97
0,0.044083,10,0.1,17.1,-14.72,-0.1,12,72.7,Positive Control,RF02884,0.97
18623,0.048712,3.1409e-05,-0.5,13.1,-10.43,-10.36,76,118.4,Positive Control,RF00014,0.98
5890,0.055082,10,10,13.3,-3.15,0,38,87.5,Positive Control,RF00042,0.98
37533,0.301526,10,0,15.2,-12.28,-2.69,140,72,Positive Control,RF00078,0.98
58440,0.301695,0.00148751,0,19.4,-16.03,-4.99,176,440.3,Positive Control,RF00101,0.98
271732,0.421197,2.32412e-06,10,16.2,-3.49,0,428,284.5,Positive Control,RF00114,0.98
37480,0.146892,0.000285624,-2.5,18.4,-24.23,-14.07,30,345.5,Positive Control,RF00166,0.98
0,0.459718,4.72344e-23,0.7,17.9,-38.26,0,420,848.1,Positive Control,RF00234,0.98
8849,0.425555,1.83454e-11,0,17.8,-31.1,-2.94,286,326,Positive Control,RF00380,0.98
855,0.17443,0.00367114,-1.4,16.1,-25.85,-19.26,34,157.6,Positive Control,RF00627,0.98
62719,0.163471,10,10,20.9,-2.79,0,40,171.7,Positive Control,RF01673,0.98
120101,0.074044,0.0154052,-2.3,21.5,-54.12,-11.41,30,534.3,Positive Control,RF01675,0.98
0,0.359926,5.29257e-06,10,16.4,0,0,114,92.6,Positive Control,RF01692,0.98
131422,0.417422,4.65133e-15,0,21.2,-23.55,-18.61,304,398.7,Positive Control,RF01695,0.98
31331,0.074044,10,-3.3,19.6,-5.83,-1.94,30,122.2,Positive Control,RF01719,0.98
0,0.374017,2.40029e-10,10,23.1,-12.9,0,142,132.5,Positive Control,RF01786,0.98
145497,0.301695,0.00935569,10,17.2,0,0,106,353.5,Positive Control,RF01794,0.98
375960,0.421197,4.4134e-05,0,16.6,-13.29,-1.96,132,146.6,Positive Control,RF01830,0.98
1897,0.480543,7.53808e-24,10,20.6,-11.18,0,360,302.2,Positive Control,RF01998,0.98
10598,0.048712,0.000324609,-0.8,15.9,-12.12,-3.15,76,53.6,Positive Control,RF02051,0.98
10143,0.338656,8.7622e-06,0,13.9,-16.33,-1.11,118,202.8,Positive Control,RF02221,0.98
0,0.21743,1.43199e-08,-1.6,21.2,-34,-24.14,66,577.3,Positive Control,RF02343,0.98
0,0.217367,0.00696812,0,17.7,-17.8,-0.98,50,212.3,Positive Control,RF02346,0.98
0,0.294585,1.95993e-06,0,21.3,-21.66,-6.26,92,809,Positive Control,RF02356,0.98
0,0.288829,0.000749701,1.1,21.3,-23.29,-14.99,72,372.4,Positive Control,RF02502,0.98
0,0.068232,0.0226786,-1.4,21.5,-17.85,-3.48,20,124,Positive Control,RF02552,0.98
57129,0.048712,0.00883705,0,14.4,-21.08,-3.79,76,419.7,Positive Control,RF02654,0.98
519624,0.501173,7.97081e-50,0.1,21.3,-59.91,0,2518,7785.6,Positive Control,RF00023,0.99
177311,0.421197,2.65379e-05,1,15.6,-32.73,-2.15,144,486.9,Positive Control,RF00083,0.99
11730,0.300864,0.0245881,0,18.6,-11.19,-10.47,112,273.4,Positive Control,RF00368,0.99
13073,0.048712,0.00453906,10,13.3,-7.26,0,78,166.3,Positive Control,RF00370,0.99
0,0.418943,2.05127e-26,0.4,15.3,-35.44,0,490,416.3,Positive Control,RF00379,0.99
85783,0.421197,1.13139e-06,0,15.3,-16.98,-7.42,152,394.3,Positive Control,RF00391,0.99
0,0.317255,3.40923e-06,0,15.8,-12.51,-8.24,74,169.9,Positive Control,RF00435,0.99
0,0.112337,10,10,13.1,-7.24,0,46,41.8,Positive Control,RF00490,0.99
0,0.314886,6.6827e-09,-0.1,17,-9.44,-4.71,320,282.2,Positive Control,RF00517,0.99
0,0.234494,0.00261278,10,13.8,-3.53,0,124,303.6,Positive Control,RF00518,0.99
29300,0.046576,10,10,21.5,-18.1,0,66,286.6,Positive Control,RF01400,0.99
12478,0.375649,4.61462e-05,0,14.1,-17.54,-3.03,64,170,Positive Control,RF01405,0.99
28772,0.169968,0.0229452,-1,21.1,-13.53,-2.95,80,465.2,Positive Control,RF01408,0.99
0,0.311987,1.24401e-06,0,14.7,-6.36,-3.23,104,83.2,Positive Control,RF01410,0.99
0,0.397706,0.000615059,0,21.1,-18.83,-2.76,82,1027.4,Positive Control,RF01412,0.99
28933,0.346182,2.43712e-07,0,20.7,-9.64,0,380,593.1,Positive Control,RF01497,0.99
0,0.336387,10,-1.7,14.3,-22.01,-6.5,12,69.7,Positive Control,RF01529,0.99
542,0.063145,10,-11.4,14.9,-51.28,-21.85,14,105.4,Positive Control,RF01670,0.99
0,0.437283,0.000309059,10,19.4,-11.45,-3.17,44,83.6,Positive Control,RF01687,0.99
0,0.307385,8.93316e-09,-0.9,17.2,-12.53,-10.31,68,258.2,Positive Control,RF01690,0.99
8413,0.300864,9.34577e-05,10,13.5,-6.46,0,44,161.2,Positive Control,RF01728,0.99
0,0.362684,4.48883e-08,-0.2,14.9,-12.15,-1.25,244,173.4,Positive Control,RF01747,0.99
35369,0.080434,0.000596815,10,13.9,0,0,84,72.3,Positive Control,RF01748,0.99
28220,0.074044,10,-1.5,16.5,-27.97,-13.55,30,224.4,Positive Control,RF01758,0.99
1368,0.057916,0.0351657,-0.9,21.5,-10.69,-0.57,22,271.1,Positive Control,RF01772,0.99
45427,0.074044,10,0,14.6,-17.32,-9.11,30,166.5,Positive Control,RF01773,0.99
0,0.331418,0.0370003,-1.3,21.1,-9.9,-6.51,28,137.6,Positive Control,RF01776,0.99
0,0.314886,3.72168e-18,-1.3,16.1,-18.18,0.25,294,170.5,Positive Control,RF01793,0.99
26803,0.300451,10,0,16,-20.18,0,104,205.1,Positive Control,RF02081,0.99
0,0.238092,1.06436e-05,-1,18.3,-30.88,-7.2,126,191,Positive Control,RF02347,0.99
0,0.288829,7.37059e-07,0,14.5,-11.96,-5.85,50,106.1,Positive Control,RF02496,0.99
7256,0.458399,9.87041e-19,10,19,-8.52,0,1008,3056.4,Positive Control,RF02514,0.99
0,0.117918,0.000112486,10,13.8,-8.86,0,102,140.7,Positive Control,RF02645,0.99
21494,0.421197,10,10,15.8,-14.48,0,168,36.2,Positive Control,RF02674,0.99
225,0.212141,0.00996893,10,13.4,-10.42,0,88,120.9,Positive Control,RF02835,0.99
7077,0.421197,0.00333688,10,16.3,-7.34,0,144,240.2,Positive Control,RF00110,1
279606,0.421197,5.61439e-08,0,15.5,-4.93,0,382,198.5,Positive Control,RF00140,1
25052,0.048712,0.008767,10,13.2,-4.24,0,78,76.2,Positive Control,RF00371,1
0,0.225227,0.0149381,10,16.5,-8.48,-1.37,52,128.2,Positive Control,RF00489,1
15214,0.421197,0.00508006,0,15.3,-6.34,0,144,365.5,Positive Control,RF00552,1
3467,0.11756,0.00102919,-0.9,19.5,-10.93,-0.69,34,109.8,Positive Control,RF00628,1
134347,0.421197,1.01977e-05,10,17.5,-7.62,0,240,529.1,Positive Control,RF00630,1
0,0.278538,0.0150176,10,17.5,-3.94,-0.34,20,71.1,Positive Control,RF01330,1
838,0.346182,5.81118e-06,0,16.7,-14.03,-3.31,56,128.5,Positive Control,RF01760,1
0,0.392211,3.48943e-07,0,17.4,-8.93,-3.33,238,263.2,Positive Control,RF01763,1
28061,0.301526,0.0210939,0,14.5,-4.87,-0.23,132,108.9,Positive Control,RF01769,1
12842,0.065005,10,0,14.1,-9.29,-8.69,106,64,Positive Control,RF02373,1
67091,0.421197,0.000657295,10,16.3,-12.02,0,154,61.9,Positive Control,RF02782,1
4504,0.361916,10,10,14.1,-8.43,0,54,62.8,Positive Control,RF02820,1
